user,prompt,key,press_time,release_time,dwell_time,p2p_time,r2p_time,r2r_time
user_22,The quick brown fox jumps over the lazy dog.,h,4394.600000023842,4514.9000000059605,120.69887554305893,0.0,0.0,0.0
user_22,The quick brown fox jumps over the lazy dog.,e,4490.100000023842,4624.600000023842,137.7457083981328,104.4896728298778,0.0,101.25086879321057
user_22,The quick brown fox jumps over the lazy dog., ,4597.5,4745.4000000059605,132.61521779382988,119.9130399810654,0.0,108.82710495726532
user_22,The quick brown fox jumps over the lazy dog.,q,4705.600000023842,4802.200000017881,103.99626753828095,118.74684280142216,0.0,49.33158224368067
user_22,The quick brown fox jumps over the lazy dog.,u,4765.700000017881,4863.4000000059605,96.80712075325297,67.83088333599154,0.0,54.30242827402373
user_22,The quick brown fox jumps over the lazy dog.,i,4937.800000011921,5041.4000000059605,98.4873407888943,203.48027600420897,66.10884270767376,152.9947090265981
user_22,The quick brown fox jumps over the lazy dog.,c,5063.800000011921,5166.0,107.72546216446817,139.1881275112684,20.005742721372435,112.15447374598466
user_22,The quick brown fox jumps over the lazy dog.,k,5124.100000023842,5253.100000023842,133.65496683966705,62.922888754108634,0.0,70.9774570762953
user_22,The quick brown fox jumps over the lazy dog., ,5277.800000011921,5409.600000023842,129.6269890700153,174.1761139982148,22.39076315441224,139.93593372495627
user_22,The quick brown fox jumps over the lazy dog.,b,5423.700000017881,5572.800000011921,156.83734219658336,155.516777625954,12.75527595808633,155.5481115900561
user_22,The quick brown fox jumps over the lazy dog.,r,5583.100000023842,5718.700000017881,138.01618429398894,155.49190399960023,9.4130161024978,115.16698654065745
user_22,The quick brown fox jumps over the lazy dog.,o,5691.200000017881,5815.4000000059605,109.79070526595386,113.6045952386514,0.0,91.90433887747793
user_22,The quick brown fox jumps over the lazy dog.,w,5784.300000011921,5900.800000011921,132.2932022604612,90.16618066803414,0.0,78.63192437928447
user_22,The quick brown fox jumps over the lazy dog.,n,5868.9000000059605,6019.300000011921,145.3107823802542,90.69139689056541,0.0,108.52331117692685
user_22,The quick brown fox jumps over the lazy dog., ,5976.200000017881,6113.100000023842,130.74020376983208,113.73959186112754,0.0,85.93940666536457
user_22,The quick brown fox jumps over the lazy dog.,f,6075.200000017881,6201.100000023842,126.45499606796747,109.82174055177303,0.0,73.72765808151618
user_22,The quick brown fox jumps over the lazy dog.,o,6171.4000000059605,6318.0,157.62131046657916,107.42618506493226,0.0,97.7333526695597
user_22,The quick brown fox jumps over the lazy dog.,x,6333.0,6454.600000023842,118.65402163749758,178.86686470922285,13.557235922731296,130.50660056697444
user_22,The quick brown fox jumps over the lazy dog., ,6424.700000017881,6532.4000000059605,103.48004891414348,101.09395803740254,0.0,66.17391211834368
user_22,The quick brown fox jumps over the lazy dog.,h,6517.864872338025,6600.6489114693395,82.78403913131478,93.16487232014333,0.0,68.24891146337905
user_22,The quick brown fox jumps over the lazy dog.,Backspace,6686.113783801404,6810.289842498376,124.17605869697218,168.24891146337905,85.46487233206426,209.64093102903644
user_22,The quick brown fox jumps over the lazy dog.,j,6493.100000023842,6558.700000017881,67.18058844756732,67.84554079832239,0.0,25.635699476310183
user_22,The quick brown fox jumps over the lazy dog.,u,6644.200000017881,6718.300000011921,70.77900750698561,146.420052916852,81.46104160897931,150.54221308910712
user_22,The quick brown fox jumps over the lazy dog.,m,6818.4000000059605,6888.200000017881,73.09989717926783,193.0216655822002,85.24340341911041,150.1243796451041
user_22,The quick brown fox jumps over the lazy dog.,p,6953.9000000059605,7062.700000017881,106.21209345041446,135.92879730859156,63.525417274637036,154.47286155303823
user_22,The quick brown fox jumps over the lazy dog.,s,7034.300000011921,7164.800000011921,137.56683846229186,86.3118725128017,0.0,91.31975114967302
user_22,The quick brown fox jumps over the lazy dog., ,7118.5,7210.100000023842,88.5535229383393,93.07345383049775,0.0,36.326913202381874
user_22,The quick brown fox jumps over the lazy dog.,o,7179.700000017881,7306.5,125.63483830353218,65.64203457434557,0.0,88.17878267518539
user_22,The quick brown fox jumps over the lazy dog.,v,7250.5,7357.800000011921,99.66747989518099,73.41043356016115,0.0,48.365509979267564
user_22,The quick brown fox jumps over the lazy dog.,e,7386.600000023842,7544.5,145.47627947523097,144.3426878958538,26.70529182975942,167.91590413982735
user_22,The quick brown fox jumps over the lazy dog.,r,7463.300000011921,7571.800000011921,115.44109880820781,75.18794270981574,0.0,23.614212991688316
user_22,The quick brown fox jumps over the lazy dog., ,7513.90000000596,7680.0,166.15719589714192,52.032556686143984,0.0,98.1698523545988
user_22,The quick brown fox jumps over the lazy dog.,t,7631.200000017881,7744.90000000596,117.30887971755878,124.83361922270281,0.0,57.3886667795097
user_22,The quick brown fox jumps over the lazy dog.,h,7712.700000017881,7850.40000000596,144.19136476725453,88.55278320024124,0.0,87.14322584228222
user_22,The quick brown fox jumps over the lazy dog.,e,7783.40000000596,7966.5,196.71941255310128,76.26902503331326,0.0,92.86824011328049
user_22,The quick brown fox jumps over the lazy dog., ,7932.600000023842,8098.600000023842,153.02653860141,156.46473544490334,0.0,122.32596433005685
user_22,The quick brown fox jumps over the lazy dog.,l,8072.100000023842,8203.40000000596,136.15394656238016,151.0419475353997,0.0,97.73372922192466
user_22,The quick brown fox jumps over the lazy dog.,a,8167.800000011921,8268.800000011921,100.45134257012062,98.68911878012321,0.0,60.13191191320373
user_22,The quick brown fox jumps over the lazy dog.,z,8374.800000011921,8458.600000023842,89.84588904008206,213.4089886537545,98.83964439310861,158.17460099117056
user_22,The quick brown fox jumps over the lazy dog.,y,8473.700000017881,8577.40000000596,100.89164175516837,112.3790813103594,13.728525913188536,117.82541909507313
user_22,The quick brown fox jumps over the lazy dog., ,8596.100000023842,8724.0,121.59836788613718,131.96444148801461,17.684826090008706,137.179888262751
user_22,The quick brown fox jumps over the lazy dog.,d,8657.40000000596,8794.800000011921,139.49414148856135,71.58699011761432,0.0,64.65148447830117
user_22,The quick brown fox jumps over the lazy dog.,o,8766.5,8925.700000017881,166.4985915907363,116.36269865626831,0.0,104.68628676948899
user_22,The quick brown fox jumps over the lazy dog.,s,8912.684121612243,9045.882994884832,133.19887327258905,146.18412161224296,0.0,120.18299486695105
user_22,The quick brown fox jumps over the lazy dog.,Backspace,9132.867116479194,9332.665426388077,199.79830990888357,220.18299486695105,86.98412159436157,286.7824315032449
user_22,The quick brown fox jumps over the lazy dog.,g,8871.300000011921,9002.300000011921,129.7380231238577,110.54341638851743,0.0,62.84931435735172
user_22,The quick brown fox jumps over the lazy dog.,.,9189.5,9307.600000023842,113.58198078536635,371.31746214357776,168.61763365608041,266.59823978435696
user_22,Never underestimate the power of a good book.,e,10230.100000023842,10324.5,96.96723289575066,0.0,0.0,0.0
user_22,Never underestimate the power of a good book.,v,10390.30000001192,10474.80000001192,86.31838169132945,176.96033078638453,55.726749568609634,138.6742512568567
user_22,Never underestimate the power of a good book.,e,10532.100000023842,10672.30000001192,137.82953413287208,147.5873220947462,55.02483204961082,184.26543236416882
user_22,Never underestimate the power of a good book.,r,10603.90000000596,10757.100000023842,158.3364807382614,73.90522378243324,0.0,68.06911635203029
user_22,Never underestimate the power of a good book., ,10690.20000001788,10818.90000000596,122.70290080240301,91.98518949850451,0.0,60.604014215796944
user_22,Never underestimate the power of a good book.,u,11014.600000023842,11093.30000001192,79.46294042475796,355.0236504850117,170.30495803609924,244.56125817694914
user_22,Never underestimate the power of a good book.,n,11199.70000001788,11300.40000000596,103.0109808785559,193.56067840020947,102.90684504418951,173.68346227374573
user_22,Never underestimate the power of a good book.,d,11268.30000001192,11362.90000000596,95.07932011890617,69.14288406693186,0.0,53.895332277203956
user_22,Never underestimate the power of a good book.,e,11444.5,11588.90000000596,142.4699366196372,185.08921940227532,73.737890545929,208.47286569912103
user_22,Never underestimate the power of a good book.,r,11492.20000001788,11681.100000023842,203.72111018294012,52.87663912207055,0.0,83.28134992865347
user_22,Never underestimate the power of a good book.,m,11635.5325114473,11798.509399593651,162.9768881463521,143.33251142942026,0.0,117.40939956980947
user_22,Never underestimate the power of a good book.,Backspace,11852.94191101711,12097.407243236637,244.46533221952814,217.40939956980947,54.43251142345798,298.8978436429861
user_22,Never underestimate the power of a good book.,e,11731.80000001192,11890.0,148.69386790114154,263.916258831683,44.80570058325017,194.18622738269383
user_22,Never underestimate the power of a good book.,s,11834.90000000596,12011.80000001192,195.04796677662227,99.84159984740229,0.0,115.4578480680078
user_22,Never underestimate the power of a good book.,t,11946.90000000596,12114.600000023842,153.5534099615648,109.5671041106829,0.0,93.95534333244446
user_22,Never underestimate the power of a good book.,w,12083.743492879123,12206.586220848374,122.84272796925184,136.84349287316218,0.0,91.98622082453221
user_22,Never underestimate the power of a good book.,Backspace,12275.729713703655,12459.993805657532,184.26409195387774,191.9862208245322,69.14349285528078,253.40758480915792
user_22,Never underestimate the power of a good book.,i,12083.30000001192,12174.70000001788,83.85869433046854,149.8803721689886,0.0,52.715034031826896
user_22,Never underestimate the power of a good book.,m,12267.40000000596,12399.100000023842,140.3585660349772,198.997899626437,86.31157692274901,170.25945120022988
user_22,Never underestimate the power of a good book.,Backspace,12908.100000023842,13004.80000001192,103.00305739723339,665.6341618228716,454.33168587371426,525.6178486668173
user_22,Never underestimate the power of a good book.,Backspace,13078.0,13203.90000000596,121.23631259729898,172.1562749959777,65.01232875548982,182.38947538537388
user_22,Never underestimate the power of a good book.,i,13974.100000023842,14059.0,75.43953560231998,957.161957907,656.0934715179025,713.6302483191145
user_22,Never underestimate the power of a good book.,m,14170.20000001788,14312.30000001192,133.04747253614573,197.85781624186725,111.60061498611626,220.25523066001156
user_22,Never underestimate the power of a good book.,a,14278.40000000596,14428.100000023842,155.0847935794538,109.5240187338472,0.0,103.85527890292883
user_22,Never underestimate the power of a good book.,t,14358.600000023842,14498.20000001788,126.64218308295109,87.72640475197218,0.0,65.24036881342519
user_22,Never underestimate the power of a good book.,e,14470.70000001788,14641.70000001788,175.4818839793837,119.7912521545458,0.0,127.11470296606832
user_22,Never underestimate the power of a good book., ,14579.40000000596,14716.600000023842,146.1770899471362,118.30468861104578,0.0,64.67420830331882
user_22,Never underestimate the power of a good book.,t,14734.40000000596,14867.80000001192,130.73094092588397,172.4776268685355,16.000343820855104,137.31786876774376
user_22,Never underestimate the power of a good book.,h,14833.20000001788,14975.5,132.87270918404084,113.76259058865705,0.0,100.17071813757589
user_22,Never underestimate the power of a good book.,e,14897.30000001192,15093.0,197.4319131332938,68.4864858595613,0.0,107.16692153013948
user_22,Never underestimate the power of a good book., ,15022.0,15139.100000023842,99.67603403749317,141.6657815735652,0.0,41.54303325548731
user_22,Never underestimate the power of a good book.,p,15214.30000001192,15406.70000001788,196.19923131226147,218.54735381188357,70.74351881113947,250.87159970118063
user_22,Never underestimate the power of a good book.,o,15307.0,15453.40000000596,148.95305347350453,95.12224355091713,0.0,37.24835966082689
user_22,Never underestimate the power of a good book.,w,15382.100000023842,15480.30000001192,104.89013630542806,80.61310189887256,0.0,22.699955779571436
user_22,Never underestimate the power of a good book.,e,15575.40000000596,15764.20000001788,175.9089148130656,201.1189045864556,87.72813252452005,256.81179209567995
user_22,Never underestimate the power of a good book.,r,15685.80000001192,15807.0,124.53427175383771,118.73428328954857,0.0,38.74745533488795
user_22,Never underestimate the power of a good book., ,15742.0,15889.40000000596,141.00008460360672,55.8057259299973,0.0,75.91814476213781
user_22,Never underestimate the power of a good book.,f,15911.90000000596,15991.600000023842,78.19402244609539,183.07796721739288,21.166669477861493,87.43577299362504
user_22,Never underestimate the power of a good book.,Backspace,16215.40000000596,16318.70000001788,106.26581187715159,307.86973908766527,205.5594488265161,280.46872808623215
user_22,Never underestimate the power of a good book.,o,16373.5,16527.90000000596,140.04308825241762,162.2267587906145,49.03586342914112,198.90421030632814
user_22,Never underestimate the power of a good book.,f,16462.20000001788,16611.80000001192,148.29438338419914,94.8066725852999,0.0,73.32732548611888
user_22,Never underestimate the power of a good book., ,16566.600000023842,16665.80000001192,93.43850490312566,116.89489511172228,0.0,47.29939434405773
user_22,Never underestimate the power of a good book.,a,16646.90000000596,16818.0,175.51870998258724,78.36105684847257,0.0,133.8457810549064
user_22,Never underestimate the power of a good book., ,16736.80000001192,16877.70000001788,139.14830573687377,94.1374877612719,0.0,52.72640267376852
user_22,Never underestimate the power of a good book.,g,16856.100000023842,17008.80000001192,153.2867413264448,127.17269024064078,0.0,107.07458840250395
user_22,Never underestimate the power of a good book.,o,16982.600000023842,17038.0,58.17936627731675,130.86964929249862,0.0,25.58857487206018
user_22,Never underestimate the power of a good book.,o,17110.100000023842,17236.600000023842,133.37686173677545,130.82595703716203,65.63349867231354,168.4779480412506
user_22,Never underestimate the power of a good book.,d,17209.0,17325.100000023842,118.65683968192218,103.65906212366319,0.0,79.32653863907649
user_22,Never underestimate the power of a good book., ,17279.600000023842,17383.70000001788,101.0615965374636,77.36985038586567,0.0,49.76964149728863
user_22,Never underestimate the power of a good book.,b,17398.20000001788,17523.90000000596,122.78522875928866,126.69416039875503,13.597360538183473,130.46832322011568
user_22,Never underestimate the power of a good book.,o,17518.70000001788,17572.30000001192,52.85059345326715,130.94189030719784,0.0,45.718366833162385
user_22,Never underestimate the power of a good book.,o,17632.600000023842,17781.600000023842,159.11367926934705,123.72695557542455,55.371171704172546,178.45876727684347
user_22,Never underestimate the power of a good book.,a,17809.28558587593,17936.576529291407,127.29094341547764,176.68558585208666,27.68558585208666,154.97652926756564
user_22,Never underestimate the power of a good book.,Backspace,18064.262115143494,18255.19853026671,190.93641512321645,254.97652926756564,127.68558585208666,318.6220009753015
user_22,Never underestimate the power of a good book.,k,17758.100000023842,17876.40000000596,113.65153081269837,135.40732872661178,0.0,83.7654018217103
user_22,Never underestimate the power of a good book.,.,18022.10000002384,18139.40000000596,119.37291050401505,278.10131884766844,134.0797995644648,238.48924246076538
user_22,The early bird catches the worm.,h,19209.30000001192,19344.90000000596,135.29775892515767,0.0,0.0,0.0
user_22,The early bird catches the worm.,k,19344.90000000596,19453.138207146087,108.23820714012614,135.59999999403954,0.0,108.23820714012618
user_22,The early bird catches the worm.,Backspace,19553.138207146087,19715.495517856274,162.35731071018918,208.23820714012618,100.0,262.35731071018745
user_22,The early bird catches the worm.,e,19274.80000001192,19359.80000001192,80.97159604421239,67.91061595961398,0.0,13.630180658083086
user_22,The early bird catches the worm., ,19620.0,19803.20000001788,177.73642061629621,361.1959032959236,213.16482687151333,450.2910610751154
user_22,The early bird catches the worm.,e,19775.5,19920.70000001788,144.11135672824506,162.30343077290468,0.0,108.80963363959515
user_22,The early bird catches the worm.,a,19884.0,20044.10000002384,160.99628977918033,114.24481698257063,0.0,112.7313361844112
user_22,The early bird catches the worm.,r,19925.40000000596,20095.90000000596,167.05286704430128,42.37762368363281,0.0,46.82973694209561
user_22,The early bird catches the worm.,l,20076.80000001192,20241.5,162.79581655233267,168.60222589743668,0.0,129.5738589498692
user_22,The early bird catches the worm.,y,20232.827318607237,20363.063971849104,130.23665324186615,156.0273185953156,0.0,121.56397184910384
user_22,The early bird catches the worm.,Backspace,20454.39129045634,20649.74627031914,195.35497986279918,221.56397184910384,91.32731860723652,286.6822984700375
user_22,The early bird catches the worm.,y,20198.80000001192,20369.20000001788,181.45478632678245,128.7152770423968,0.0,102.92517791944493
user_22,The early bird catches the worm., ,20298.40000000596,20439.40000000596,144.6402511714496,104.64826906476648,0.0,70.57424475664625
user_22,The early bird catches the worm.,b,20569.5,20654.0,84.78865024113064,287.55725227305396,114.94189279051753,189.55262421797022
user_22,The early bird catches the worm.,i,20709.5,20874.40000000596,164.63773340709236,158.55729594436667,54.399764596332545,192.72746834927327
user_22,The early bird catches the worm.,r,20793.60000002384,20915.70000001788,109.24270546955862,92.79931808577716,0.0,37.7006241686646
user_22,The early bird catches the worm.,d,20972.30000001192,21107.5,131.58364605851037,186.94029329004317,52.06693618100979,168.6931650971744
user_22,The early bird catches the worm., ,21079.0,21190.90000000596,114.29712942796166,119.36014639536211,0.0,72.23258945226738
user_22,The early bird catches the worm.,p,21177.977854439403,21269.41555798177,91.43770354236933,98.97785443940302,0.0,78.51555797581022
user_22,The early bird catches the worm.,Backspace,21356.493412415213,21493.64996772877,137.15655531355398,178.51555797581022,87.07785443344255,224.2344097469977
user_22,The early bird catches the worm.,c,21154.60000002384,21299.40000000596,129.3544144025928,82.74526389874939,0.0,98.74213206040966
user_22,The early bird catches the worm.,a,21277.0,21447.0,167.75969682759188,118.34136760495817,0.0,134.3785217798536
user_22,The early bird catches the worm.,t,21399.30000001192,21524.40000000596,129.25599940210364,137.24206838481214,0.0,72.57189916663997
user_22,The early bird catches the worm.,c,21620.80000001192,21724.30000001192,107.98506837318348,242.63141650600255,83.80407870128944,178.5012710424881
user_22,The early bird catches the worm.,h,21737.90000000596,21848.5,113.83350148606984,122.94064251085085,12.243547768487597,110.40772203750636
user_22,The early bird catches the worm.,e,21800.40000000596,21937.30000001192,149.1023267956019,65.39477567553301,0.0,79.06594366522425
user_22,The early bird catches the worm., ,21917.70000001788,22075.5,154.1747097039571,126.8215423363365,0.0,117.88903090000218
user_22,The early bird catches the worm.,t,22004.20000001788,22162.70000001788,151.6791657062198,92.19641936297712,0.0,82.74881999272019
user_22,The early bird catches the worm.,Backspace,22375.5,22449.20000001788,75.66457020283674,378.2009061810063,189.41906064706734,262.9789014161096
user_22,The early bird catches the worm.,Backspace,22499.40000000596,22607.20000001788,104.3108298097534,135.60228351779392,50.37799984610707,141.80655598946905
user_22,The early bird catches the worm.,s,22594.20000001788,22745.10000002384,155.60510840945363,99.31538970117163,0.0,125.2217346347553
user_22,The early bird catches the worm., ,22695.70000001788,22828.70000001788,136.78601405626932,112.97638961312795,0.0,81.28781711515107
user_22,The early bird catches the worm.,t,22737.80000001192,22907.80000001192,181.6672513358074,40.06051693317028,0.0,65.15495015120898
user_22,The early bird catches the worm.,e,22890.10000002384,22993.70000001788,98.58081511502768,146.31327738650225,0.0,74.42907951854714
user_22,The early bird catches the worm.,h,22894.40000000596,23049.80000001192,153.95810566472505,4.276455330799631,0.0,48.552133486632435
user_22,The early bird catches the worm.,Backspace,23411.30000001192,23497.5,87.69149128582701,528.4515804313523,340.0065084015834,380.98315133150453
user_22,The early bird catches the worm.,Backspace,23536.20000001788,23611.5,74.08674706687884,138.9563475841382,37.51804346052656,106.42560345759433
user_22,The early bird catches the worm.,h,23708.90000000596,23829.90000000596,119.54718352104099,190.56731096059,84.69340520100486,190.3836908158989
user_22,The early bird catches the worm.,e,23797.90000000596,23920.80000001192,122.9555164296757,88.27497247288649,0.0,80.60456050807589
user_22,The early bird catches the worm., ,23897.20000001788,24054.20000001788,168.60034876687314,95.86562322410697,0.0,111.24194314242574
user_22,The early bird catches the worm.,w,23986.70000001788,24099.60000002384,118.33881142498454,95.30921085771543,0.0,37.92018380685061
user_22,The early bird catches the worm.,o,24085.60000002384,24227.40000000596,149.24401132943683,92.02275442826068,0.0,118.94974641897808
user_22,The early bird catches the worm.,r,24166.40000000596,24265.30000001192,90.05979416847835,87.3414940048889,0.0,33.907239765194134
user_22,The early bird catches the worm.,m,24446.40000000596,24549.80000001192,104.1836651002016,279.99866817673336,160.61944500436897,262.7309787303126
user_22,"To be or not to be, that is the question.",o,25541.20000001788,25660.0,123.38445913086875,0.0,0.0,0.0
user_22,"To be or not to be, that is the question.", ,25641.20000001788,25768.10000002384,125.38721478419389,111.041025045856,0.0,96.4034283123625
user_22,"To be or not to be, that is the question.",b,25762.10000002384,25893.20000001788,120.60271683326931,126.99466269539495,0.0,112.45323021013317
user_22,"To be or not to be, that is the question.",e,25861.70000001788,26004.0,151.87947353056379,98.47986731740895,0.0,100.44280398064868
user_22,"To be or not to be, that is the question.", ,25933.30000001192,26066.10000002384,135.06718390073505,79.21075569401401,0.0,58.12058211374151
user_22,"To be or not to be, that is the question.",o,26037.80000001192,26177.80000001192,151.31935749777756,110.12337510025178,0.0,102.08650865361824
user_22,"To be or not to be, that is the question.",r,26134.70000001788,26300.40000000596,174.65069308607883,104.95766161877636,0.0,112.93448351552045
user_22,"To be or not to be, that is the question.", ,26211.80000001192,26329.70000001788,123.71352528614683,85.96136421998571,0.0,26.050792578196198
user_22,"To be or not to be, that is the question.",n,26304.20000001788,26395.0,98.17664002767005,103.16915570737925,0.0,56.08294532266243
user_22,"To be or not to be, that is the question.",o,26459.0,26608.70000001788,147.08981895440903,154.7917813837291,56.552780641620934,189.99024162804702
user_22,"To be or not to be, that is the question.",t,26552.10000002384,26635.20000001788,79.67369529619462,102.02737523956016,0.0,24.947517543799627
user_22,"To be or not to be, that is the question.", ,26622.30000001192,26769.60000002384,156.84024658162227,73.16761707005094,0.0,116.77611509153805
user_22,"To be or not to be, that is the question.",t,26716.70000001788,26902.20000001788,185.71571608068896,93.50586710006702,0.0,113.83436893418494
user_22,"To be or not to be, that is the question.",o,26806.80000001192,26934.30000001192,119.4591649351818,93.61812828449882,0.0,27.660004186202006
user_22,"To be or not to be, that is the question.", ,26892.5,27047.80000001192,143.91963658491176,90.50839906054749,0.0,98.29526085043607
user_22,"To be or not to be, that is the question.",b,27044.80000001192,27170.70000001788,115.37160956263067,168.25723940063222,0.0,104.99554805602325
user_22,"To be or not to be, that is the question.",e,27143.20000001788,27249.70000001788,105.86970668937258,108.18426956265132,0.0,68.36966771071678
user_22,"To be or not to be, that is the question.",",",27721.80000001192,27862.10000002384,155.09558757830726,635.2017834564596,435.24064247535625,599.2077042765292
user_22,"To be or not to be, that is the question.", ,28038.0,28178.0,145.81523157751778,354.35989295663654,150.396430590385,272.1625905886673
user_22,"To be or not to be, that is the question.",t,28159.5,28289.70000001788,121.34205139963592,131.0323045204626,0.0,108.64767666877353
user_22,"To be or not to be, that is the question.",h,28266.5,28388.30000001192,116.30921290547681,101.55542038644676,0.0,98.23310708281423
user_22,"To be or not to be, that is the question.",a,28318.60000002384,28480.30000001192,157.93497609598407,57.15692398387869,0.0,85.01051235982148
user_22,"To be or not to be, that is the question.",t,28392.90000000596,28535.40000000596,142.75180651937654,78.42856496145215,0.0,46.37684887535651
user_22,"To be or not to be, that is the question.", ,28475.80000001192,28584.0,114.48300244146341,87.82630721175754,0.0,42.64535949851325
user_22,"To be or not to be, that is the question.",i,28560.30000001192,28697.5,129.76486420430223,87.10018902764342,0.0,101.13280822733326
user_22,"To be or not to be, that is the question.",s,28659.5,28761.60000002384,102.39258792212352,102.06426326417173,0.0,58.1649165079891
user_22,"To be or not to be, that is the question.", ,28748.30000001192,28876.90000000596,147.2240942835188,100.30626883482653,0.0,97.61820647364065
user_22,"To be or not to be, that is the question.",t,28824.5,28969.10000002384,144.5518991147775,80.2521511210538,0.0,84.24976783469207
user_22,"To be or not to be, that is the question.",h,28899.20000001788,29022.30000001192,118.68937668110387,76.13276484958155,0.0,46.61656847948697
user_22,"To be or not to be, that is the question.",e,28994.0,29146.30000001192,154.2417261966364,100.78596336068811,0.0,110.92945511114773
user_22,"To be or not to be, that is the question.", ,29094.5,29244.60000002384,150.15720253167964,111.74987949608939,0.0,85.63719771013272
user_22,"To be or not to be, that is the question.",q,29220.60000002384,29301.60000002384,87.97972105412187,131.1166905622669,0.0,51.44573007543837
user_22,"To be or not to be, that is the question.",u,29292.5,29398.60000002384,106.788582417395,76.25258493237968,0.0,88.46355213010821
user_22,"To be or not to be, that is the question.",e,29413.40000000596,29587.5,189.97505492854566,127.16911558374221,13.921509331144287,167.76151751273073
user_22,"To be or not to be, that is the question.",s,29503.90000000596,29630.10000002384,127.576066842157,95.6092968367929,0.0,38.649337991722
user_22,"To be or not to be, that is the question.",n,29591.634904752606,29693.69575822633,102.06085347372562,87.73490474664504,0.0,63.595758202493016
user_22,"To be or not to be, that is the question.",Backspace,29755.2306629551,29908.321943165687,153.0912802105884,163.59575820249302,61.53490472876729,214.62618493935588
user_22,"To be or not to be, that is the question.",t,29579.20000001788,29705.90000000596,118.04059683721522,76.11534932934661,0.0,71.3703731799353
user_22,"To be or not to be, that is the question.",i,29653.10000002384,29747.20000001788,89.52366297302791,82.61958393266954,0.0,37.86515256887631
user_22,"To be or not to be, that is the question.",o,29807.40000000596,29899.80000001192,92.54296118974142,173.79318994658234,49.75345775588399,141.67006270119828
user_22,"To be or not to be, that is the question.",n,30006.30000001192,30049.90000000596,41.13049513716046,220.41580775538006,88.35079762296036,132.2550094565185
user_22,"I think, therefore I am.", ,31124.40000000596,31262.20000001788,137.46404566807877,0.0,0.0,0.0
user_22,"I think, therefore I am.",t,31257.30000001192,31390.80000001192,127.38819881991708,143.9204072828942,0.0,123.83849307437048
user_22,"I think, therefore I am.",h,31325.0,31419.30000001192,99.52174372414419,70.4339220956787,0.0,24.420298222352855
user_22,"I think, therefore I am.",i,31474.60000002384,31581.90000000596,106.24359032333307,160.35072777992178,50.60802565071085,131.00139691982693
user_22,"I think, therefore I am.",n,31585.70000001788,31692.0,98.96386494461147,116.62955055279583,3.250674166106688,99.63733500025866
user_22,"I think, therefore I am.",k,31810.30000001192,31867.0,54.396688537309764,237.56104710919644,108.33345359945504,168.31508574203016
user_22,"I think, therefore I am.",",",32405.90000000596,32532.60000002384,130.10061238277711,573.1964644182881,487.2991704276908,635.9449196460521
user_22,"I think, therefore I am.", ,32575.70000001788,32754.30000001192,188.6033648558446,164.3695361834103,39.26307893411799,199.16197422920888
user_22,"I think, therefore I am.",t,32713.5,32845.60000002384,123.52031292445642,158.9914098354789,0.0,80.59264330428235
user_22,"I think, therefore I am.",h,32839.80000001192,32965.80000001192,118.21424443972134,131.44542081788066,0.0,115.46577915789983
user_22,"I think, therefore I am.",e,32895.20000001788,33018.0,135.0131370913007,55.950181143454934,0.0,48.60098249860701
user_22,"I think, therefore I am.",r,32961.90000000596,33148.90000000596,194.64952834190257,70.84258433399366,0.0,113.34422838058953
user_22,"I think, therefore I am.",e,33074.5,33226.20000001788,149.85510797593622,121.39223459600022,0.0,68.97075310221533
user_22,"I think, therefore I am.", ,33159.5,33265.80000001192,103.9872476922166,90.6990356463974,0.0,33.91451682308033
user_22,"I think, therefore I am.",f,33264.0,33413.10000002384,138.52827719764494,112.60257636048107,0.0,134.80373471125372
user_22,"I think, therefore I am.",Backspace,33536.60000002384,33758.5,209.86267866846399,273.8275711587372,109.5807623039891,305.1414879397917
user_22,"I think, therefore I am.",Backspace,33917.5,34043.30000001192,120.41509051336855,423.29914271226977,141.0060466398011,258.65268741614057
user_22,"I think, therefore I am.",f,34047.30000001192,34157.5,112.39946357281148,138.7871772443821,3.8477985255644613,107.28959737646392
user_22,"I think, therefore I am.",o,34159.20000001788,34287.90000000596,121.85598731502554,115.54629748744027,1.5885181295238635,115.91434732407531
user_22,"I think, therefore I am.",r,34241.10000002384,34405.20000001788,161.47970005707094,81.37635007617784,0.0,114.1441600122819
user_22,"I think, therefore I am.",e,34300.90000000596,34490.0,182.40596894122697,58.18876045402009,0.0,72.7916545815282
user_22,"I think, therefore I am.", ,34429.30000001192,34588.10000002384,169.84103903266723,138.79114130490208,0.0,84.93615509578834
user_22,"I think, therefore I am.", ,34776.20000001788,34912.0,140.2687543908685,382.9938847091635,180.53462264380082,287.4021689873895
user_22,"I think, therefore I am.",a,34883.60000002384,35006.5,130.76233875441463,111.96696557157244,0.0,89.17223489439499
user_22,"I think, therefore I am.",m,34973.20000001788,35086.20000001788,116.15551920683863,94.15790079914,0.0,63.153950777406294
user_22,"I think, therefore I am.",.,35226.40000000596,35319.60000002384,88.70409967146723,282.7194195553352,113.17356701503809,206.87479409108207
user_22,The journey of a thousand miles begins with a single step.,h,36283.30000001192,36398.30000001192,107.14842844642797,0.0,0.0,0.0
user_22,The journey of a thousand miles begins with a single step.,e,36381.0,36563.90000000596,179.45354756503912,96.17954087424752,0.0,146.22096756257324
user_22,The journey of a thousand miles begins with a single step., ,36494.80000001192,36639.5,140.3627681864442,125.83938950220953,0.0,64.7254342974696
user_22,The journey of a thousand miles begins with a single step.,j,36622.10000002384,36738.5,113.49643484651271,133.3901272056077,0.0,92.4851937754991
user_22,The journey of a thousand miles begins with a single step.,o,36820.30000001192,36904.10000002384,74.71950194232157,185.8809330552238,76.1101019670663,144.79098504069083
user_22,The journey of a thousand miles begins with a single step.,u,36959.60000002384,37072.40000000596,110.32810526491478,154.8717719271336,50.0402081889637,147.76338728224096
user_22,The journey of a thousand miles begins with a single step.,r,37256.5,37355.20000001788,100.24961107259482,325.03646577090916,168.3837690104863,232.46112151903597
user_22,The journey of a thousand miles begins with a single step.,n,37634.40000000596,37750.0,121.01416722651595,404.85770137020273,233.93009705375908,336.5709368060592
user_22,The journey of a thousand miles begins with a single step.,e,37764.0,37904.80000001192,150.85707470239436,146.33007832400185,12.023900422846841,130.25943564406037
user_22,The journey of a thousand miles begins with a single step.,y,37899.20000001788,37994.0,91.65701116339808,147.94510783576675,0.0,75.4805492028691
user_22,The journey of a thousand miles begins with a single step., ,37995.70000001788,38122.90000000596,131.0787045374108,99.87008569664322,1.5487970352769824,112.3721420092439
user_22,The journey of a thousand miles begins with a single step.,o,38115.60000002384,38253.40000000596,131.98375489506492,128.65796165196824,0.0,122.9580153528885
user_22,The journey of a thousand miles begins with a single step.,f,38195.5,38327.10000002384,131.18389710480656,85.71537691566715,0.0,63.411871562981
user_22,The journey of a thousand miles begins with a single step., ,38256.40000000596,38427.10000002384,169.86630755487002,69.01257430822297,0.0,80.88393928206207
user_22,The journey of a thousand miles begins with a single step.,a,38582.0,38760.60000002384,165.1678011058457,345.70524489528395,139.63749000075634,290.5003859955265
user_22,The journey of a thousand miles begins with a single step., ,38683.80000001192,38835.20000001788,163.17047289754532,100.70956265226704,0.0,59.160362816373784
user_22,The journey of a thousand miles begins with a single step.,t,38769.5,38929.40000000596,150.51675799526654,94.2342284061816,0.0,84.99991103685049
user_22,The journey of a thousand miles begins with a single step.,x,38901.60969086411,39022.023097260324,120.41340639621325,132.10969086411205,0.0,92.62309725436353
user_22,The journey of a thousand miles begins with a single step.,Backspace,39094.232788118476,39274.85289771279,180.62010959431984,192.62309725436353,72.20969085815159,252.8298004524695
user_22,The journey of a thousand miles begins with a single step.,h,38905.10000002384,39010.90000000596,111.13998043476425,142.57345203553544,0.0,73.97388470886169
user_22,The journey of a thousand miles begins with a single step.,o,39099.10000002384,39167.0,64.4953432049625,211.5461291684665,78.87458310073153,153.06015853470726
user_22,The journey of a thousand miles begins with a single step.,u,39229.20000001788,39346.0,116.82441168572335,149.30206152467642,53.33486258619596,161.67123013714308
user_22,The journey of a thousand miles begins with a single step.,s,39369.40000000596,39416.70000001788,49.105661766211924,147.58519988152824,20.844533930280534,62.74359520828799
user_22,The journey of a thousand miles begins with a single step.,a,39394.30000001192,39567.0,185.27998437773243,25.11854504548895,0.0,137.96487924471305
user_22,The journey of a thousand miles begins with a single step.,n,39979.60000002384,40090.5,113.31157736976313,615.1171632446143,365.1905105045296,445.0305826476317
user_22,The journey of a thousand miles begins with a single step.,d,40072.70000001788,40237.5,152.03241930526994,99.47659727983002,0.0,126.60161342428925
user_22,The journey of a thousand miles begins with a single step., ,40181.20000001788,40320.20000001788,150.70713238132157,115.91740317295223,0.0,69.71973265230535
user_22,The journey of a thousand miles begins with a single step.,m,40329.40000000596,40415.20000001788,80.82131807155208,151.02383606395009,7.8275487111651065,84.43162310564522
user_22,The journey of a thousand miles begins with a single step.,i,40522.80000001192,40623.40000000596,111.8381653775853,193.37242308722145,90.12499892525697,188.95466369338354
user_22,The journey of a thousand miles begins with a single step.,l,40734.5,40861.0,121.6071163193803,230.70357632156967,102.84437165602903,203.8591184077962
user_22,The journey of a thousand miles begins with a single step.,e,40823.30000001192,41035.10000002384,217.98556397777506,84.70522230231164,0.0,163.8468976298442
user_22,The journey of a thousand miles begins with a single step.,s,40939.10000002384,41147.5,203.45246717874696,134.91647432865707,0.0,106.2513315196893
user_22,The journey of a thousand miles begins with a single step., ,41007.30000001192,41213.90000000596,203.91348807528993,74.31787038713718,0.0,61.92334736263736
user_22,The journey of a thousand miles begins with a single step.,b,41541.80000001192,41607.70000001788,69.34102480277573,575.2712277831552,302.17754383745745,355.5484410480436
user_22,The journey of a thousand miles begins with a single step.,e,41599.0,41716.30000001192,122.34869872592188,63.318302717840986,0.0,97.93432789860452
user_22,The journey of a thousand miles begins with a single step.,g,41823.40000000596,41966.20000001788,143.56023099956923,236.41061532803397,93.80396198878667,201.85200066929585
user_22,The journey of a thousand miles begins with a single step.,i,42054.40000000596,42282.20000001788,231.36430264312924,251.52474204007265,87.09479395495612,273.86593019535786
user_22,The journey of a thousand miles begins with a single step.,n,42176.40000000596,42353.70000001788,182.53125402726633,130.6477291967538,0.0,62.97520090006754
user_22,The journey of a thousand miles begins with a single step.,d,42335.80000001192,42504.80000001192,161.35784721442,180.17283419528343,0.0,129.48979788407806
user_22,The journey of a thousand miles begins with a single step.,s,42446.60000002384,42622.60000002384,178.77962232415047,108.63920594504127,0.0,96.25746643159881
user_22,The journey of a thousand miles begins with a single step., ,42557.10000002384,42711.20000001788,160.84137158961275,110.64770339818651,0.0,76.68293008529496
user_22,The journey of a thousand miles begins with a single step.,Backspace,42837.90000000596,42933.30000001192,96.56471465254938,328.9100317913409,104.74535507799337,193.32833497949542
user_22,The journey of a thousand miles begins with a single step.,Backspace,42981.80000001192,43071.0,82.14483563411339,151.15611640290837,46.98538850525344,132.6341869186387
user_22,The journey of a thousand miles begins with a single step.,Backspace,43117.60000002384,43278.80000001192,156.72356516549286,143.52666409364718,42.18493074295987,197.9179692630387
user_22,The journey of a thousand miles begins with a single step.,s,43246.40000000596,43397.30000001192,150.21002933220257,129.41185306104532,0.0,103.72623738302138
user_22,The journey of a thousand miles begins with a single step., ,43363.60000002384,43496.70000001788,136.45097992388162,123.30524468134949,0.0,89.20723885309575
user_22,The journey of a thousand miles begins with a single step.,w,43463.70000001788,43584.60000002384,127.5744091206213,103.84989298303596,0.0,79.2575305948327
user_22,The journey of a thousand miles begins with a single step.,i,43535.30000001192,43646.80000001192,112.26933464242555,77.56262512506018,0.0,53.75843585909699
user_22,The journey of a thousand miles begins with a single step.,t,43634.20000001788,43785.40000000596,159.8110866824532,109.69127467887566,0.0,120.72210416762357
user_22,The journey of a thousand miles begins with a single step.,h,43729.30000001192,43875.5,143.50911526051112,92.23189532266464,0.0,83.63825198653288
user_22,The journey of a thousand miles begins with a single step., ,43780.0,43890.0,107.38817916220484,57.84993882799935,0.0,14.011009378778732
user_22,The journey of a thousand miles begins with a single step.,a,43885.30000001192,44066.20000001788,179.3217214933675,115.3238878856941,0.0,158.81072134079625
user_22,The journey of a thousand miles begins with a single step., ,43978.5,44124.10000002384,143.9600559522724,105.04910853484688,0.0,54.358603062254254
user_22,The journey of a thousand miles begins with a single step.,s,44138.0,44297.5,165.88482128160044,163.6613346905626,12.460615991911617,150.95053941134307
user_22,The journey of a thousand miles begins with a single step.,i,44275.30000001192,44428.5,152.11003558372082,149.26048134688136,0.0,114.30920332087739
user_22,The journey of a thousand miles begins with a single step.,n,44334.90000000596,44472.10000002384,136.70602445552453,64.67939233587767,0.0,43.22538074245207
user_22,The journey of a thousand miles begins with a single step.,g,44452.60000002384,44573.30000001192,122.31175895172996,125.49090044150945,0.0,96.26113896399983
user_22,The journey of a thousand miles begins with a single step.,l,44566.5,44733.70000001788,150.18223419482055,112.49877635016925,0.0,141.75079970068626
user_22,The journey of a thousand miles begins with a single step.,e,44623.30000001192,44774.70000001788,127.18665842276519,64.4985396293337,0.0,36.57966599741625
user_22,The journey of a thousand miles begins with a single step., ,44735.20000001788,44884.30000001192,144.46872248350584,119.2020270522438,0.0,95.75615458364867
user_22,The journey of a thousand miles begins with a single step.,s,44831.5,44982.80000001192,157.0816980796495,104.45329519799375,0.0,93.38651272015538
user_22,The journey of a thousand miles begins with a single step.,t,44916.20000001788,45058.60000002384,147.80723789889547,93.60659858881488,0.0,69.20281128015397
user_22,The journey of a thousand miles begins with a single step.,e,45011.70000001788,45148.30000001192,147.40347389955576,102.39880264157698,0.0,84.10396282618836
user_22,The journey of a thousand miles begins with a single step.,p,45124.5,45232.80000001192,102.82538621611864,107.1520254957699,0.0,82.0221273518584
user_22,The journey of a thousand miles begins with a single step.,.,45351.70000001788,45449.80000001192,100.81490603382349,243.80926394724605,112.5055182320227,194.63604592056697
